experiment,sweep_value,alpha,gamma,theoretical_threshold,attacker_latency_ms,honest_latency_ms,pool_size,relative_revenue,revenue_gain,profitable,attacker_revenue,honest_revenue,orphaned_blocks,blocks
latency_sweep,20.000000,0.300000,0.763333,0.160633,20.000000,100.000000,0.200000,0.355321,0.055321,True,27995,50794,21211,100000
latency_sweep,40.000000,0.300000,0.680000,0.195122,40.000000,100.000000,0.200000,0.347356,0.047356,True,27361,51410,21229,100000
latency_sweep,60.000000,0.300000,0.617500,0.216714,60.000000,100.000000,0.200000,0.339411,0.039411,True,26746,52056,21198,100000
latency_sweep,80.000000,0.300000,0.568889,0.231504,80.000000,100.000000,0.200000,0.334245,0.034245,True,26341,52468,21191,100000
latency_sweep,100.000000,0.300000,0.530000,0.242268,100.000000,100.000000,0.200000,0.328621,0.028621,True,25916,52947,21137,100000
