experiment,sweep_value,alpha,gamma,theoretical_threshold,attacker_latency_ms,honest_latency_ms,pool_size,relative_revenue,revenue_gain,profitable,attacker_revenue,honest_revenue,orphaned_blocks,blocks
latency_sweep,20.000000,0.200000,0.763333,0.160633,20.000000,100.000000,0.200000,0.210302,0.010302,True,35761,134284,29955,200000
latency_sweep,40.000000,0.200000,0.680000,0.195122,40.000000,100.000000,0.200000,0.201116,0.001116,True,34212,135899,29890,200000
latency_sweep,60.000000,0.200000,0.617500,0.216714,60.000000,100.000000,0.200000,0.195291,-0.004709,False,33210,136847,29942,200000
latency_sweep,80.000000,0.200000,0.568889,0.231504,80.000000,100.000000,0.200000,0.189381,-0.010619,False,32217,137901,29882,200000
latency_sweep,100.000000,0.200000,0.530000,0.242268,100.000000,100.000000,0.200000,0.185181,-0.014819,False,31504,138624,29872,200000
