experiment,sweep_value,alpha,gamma,theoretical_threshold,attacker_latency_ms,honest_latency_ms,pool_size,relative_revenue,revenue_gain,profitable,attacker_revenue,honest_revenue,orphaned_blocks,blocks
pool_sweep,0.000000,0.200000,0.616667,0.216981,50.000000,100.000000,0.000000,0.194819,-0.005181,False,33128,136917,29955,200000
pool_sweep,0.100000,0.200000,0.631667,0.212092,50.000000,100.000000,0.100000,0.195961,-0.004039,False,33335,136775,29890,200000
pool_sweep,0.200000,0.200000,0.646667,0.207031,50.000000,100.000000,0.200000,0.198370,-0.001630,False,33734,136323,29942,200000
pool_sweep,0.300000,0.200000,0.661667,0.201789,50.000000,100.000000,0.300000,0.199299,-0.000701,False,33904,136214,29882,200000
pool_sweep,0.400000,0.200000,0.676667,0.196356,50.000000,100.000000,0.400000,0.200631,0.000631,True,34133,135995,29872,200000
pool_sweep,0.500000,0.200000,0.691667,0.190722,50.000000,100.000000,0.500000,0.202055,0.002055,True,34360,135695,29945,200000
